"pnpscada.com", "39990001"
"P1 (per kW)", "Q1 (per kvar)", "P2 (per kW)", "S (per kVA)", "scalar sum S (per kVA)", "DATE", "TIME", "STATUS"
23.79999999998836, 0.0, 0.0, 23.79999999998836, 27.381957563316625, 2025-03-10, 00:30:00, Ok
21.5, 0.0, 0.0, 21.5, 25.547798339584574, 2025-03-10, 01:00:00, Ok
22.419999999983702, 0.0, 0.0, 22.419999999983702, 26.25360927566655, 2025-03-10, 01:30:00, Ok
21.05999999999767, 0.0, 0.0, 21.05999999999767, 25.134876168382725, 2025-03-10, 02:00:00, Ok
22.34000000002561, 0.0, 0.0, 22.34000000002561, 26.20621300381008, 2025-03-10, 02:30:00, Ok
20.70000000001164, 0.0, 0.0, 20.70000000001164, 24.735027794613625, 2025-03-10, 03:00:00, Ok
21.739999999990687, 0.0, 0.0, 21.739999999990687, 25.685988398342825, 2025-03-10, 03:30:00, Ok
23.119999999995343, 0.0, 0.0, 23.119999999995343, 26.793021479475048, 2025-03-10, 04:00:00, Ok
23.20000000001164, 0.0, 0.0, 23.20000000001164, 26.973646397934345, 2025-03-10, 04:30:00, Ok
22.14000000001397, 0.0, 0.0, 22.14000000001397, 25.88968906728259, 2025-03-10, 05:00:00, Ok
23.179999999993015, 0.0, 0.0, 23.179999999993015, 26.88525246300561, 2025-03-10, 05:30:00, Ok
21.479999999981374, 0.0, 0.0, 21.479999999981374, 25.402047161580043, 2025-03-10, 06:00:00, Ok
12.679999999993015, 0.0, 0.14000000001396984, 12.539999999979045, 16.601987832773997, 2025-03-10, 06:30:00, Ok
0.0, 0.0, 31.820000000006985, 31.820000000006985, 33.27147126293737, 2025-03-10, 07:00:00, Ok
0.0, 0.0, 81.5800000000163, 81.5800000000163, 82.45784620036264, 2025-03-10, 07:30:00, Ok
0.0, 0.0, 134.59999999997672, 134.59999999997672, 135.38305506965614, 2025-03-10, 08:00:00, Ok
0.0, 0.0, 171.5, 171.5, 172.19721368245285, 2025-03-10, 08:30:00, Ok
0.0, 0.0, 222.61999999999534, 222.61999999999534, 222.96618757111554, 2025-03-10, 09:00:00, Ok
0.0, 0.31999999999993634, 260.5200000000186, 260.5201965299614, 260.7331240943692, 2025-03-10, 09:30:00, Ok
0.0, 0.2400000000000091, 303.88000000000466, 303.8800947742429, 304.33306491408837, 2025-03-10, 10:00:00, Ok
0.0, 0.03999999999996362, 336.4400000000023, 336.44000237784087, 336.83850433108375, 2025-03-10, 10:30:00, Ok
0.0, 0.22000000000002728, 356.45999999996275, 356.4600678897616, 357.6151143337954, 2025-03-10, 11:00:00, Ok
0.0, 0.0, 244.9200000000419, 244.9200000000419, 245.42525134961295, 2025-03-10, 11:30:00, Ok
0.0, 0.01999999999998181, 174.17999999999302, 174.18000114823047, 175.35201738217143, 2025-03-10, 12:00:00, Ok
0.1600000000325963, 0.0, 111.9199999999837, 111.7599999999511, 113.32689883690027, 2025-03-10, 12:30:00, Ok
0.0, 0.08000000000004093, 181.97999999998137, 181.98001758433043, 182.5331761625628, 2025-03-10, 13:00:00, Ok
0.0, 2.240000000000009, 301.38000000000466, 301.38832425958844, 301.6994511098797, 2025-03-10, 13:30:00, Ok
3.639999999955762, 0.0, 127.38000000000466, 123.7400000000489, 124.93244574573949, 2025-03-10, 14:00:00, Ok
0.0, 0.39999999999997726, 275.6000000000349, 275.60029027564406, 276.13869268905296, 2025-03-10, 14:30:00, Ok
6.4200000000419095, 0.5800000000000409, 98.97999999998137, 92.56181718175586, 93.38690272189699, 2025-03-10, 15:00:00, Ok
27.339999999967404, 0.0, 21.29999999998836, 6.039999999979045, 12.954273426154016, 2025-03-10, 15:30:00, Ok
64.28000000002794, 0.0, 0.0, 64.28000000002794, 65.13839113766753, 2025-03-10, 16:00:00, Ok
30.459999999962747, 0.0, 12.020000000018626, 18.43999999994412, 23.5698111998746, 2025-03-10, 16:30:00, Ok
0.0, 0.0, 58.61999999999534, 58.61999999999534, 59.44677283082359, 2025-03-10, 17:00:00, Ok
23.84000000002561, 0.0, 11.799999999988358, 12.040000000037253, 19.658412957324355, 2025-03-10, 17:30:00, Ok
102.11999999999534, 0.0, 0.0, 102.11999999999534, 103.07247353197135, 2025-03-10, 18:00:00, Ok
74.94000000000233, 0.0, 0.0, 74.94000000000233, 76.52616284644324, 2025-03-10, 18:30:00, Ok
42.85999999998603, 0.0, 0.0, 42.85999999998603, 44.612150811173834, 2025-03-10, 19:00:00, Ok
40.14000000001397, 0.0, 0.0, 40.14000000001397, 42.1680684879101, 2025-03-10, 19:30:00, Ok
40.320000000006985, 0.0, 0.0, 40.320000000006985, 42.213178037202596, 2025-03-10, 20:00:00, Ok
37.4199999999837, 0.0, 0.0, 37.4199999999837, 39.62698575464696, 2025-03-10, 20:30:00, Ok
38.179999999993015, 0.0, 0.0, 38.179999999993015, 40.24947204621732, 2025-03-10, 21:00:00, Ok
39.02000000001863, 0.0, 0.0, 39.02000000001863, 41.06580572692478, 2025-03-10, 21:30:00, Ok
39.85999999998603, 0.0, 0.0, 39.85999999998603, 41.98252017207978, 2025-03-10, 22:00:00, Ok
39.23999999999069, 0.0, 0.0, 39.23999999999069, 41.31853337182907, 2025-03-10, 22:30:00, Ok
39.26000000000931, 0.0, 0.0, 39.26000000000931, 41.31878507411431, 2025-03-10, 23:00:00, Ok
38.40000000002328, 0.0, 0.0, 38.40000000002328, 40.618439162551866, 2025-03-10, 23:30:00, Ok
39.05999999999767, 0.0, 0.0, 39.05999999999767, 41.11004743368249, 2025-03-11, 00:00:00, Ok
37.51999999996042, 0.0, 0.0, 37.51999999996042, 39.741167572143404, 2025-03-11, 00:30:00, Ok
38.36000000004424, 0.0, 0.0, 38.36000000004424, 40.50295791671756, 2025-03-11, 01:00:00, Ok
38.76000000000931, 0.0, 0.0, 38.76000000000931, 40.83769337267639, 2025-03-11, 01:30:00, Ok
39.61999999999534, 0.0, 0.0, 39.61999999999534, 41.75472188866125, 2025-03-11, 02:00:00, Ok
38.45999999996275, 0.0, 0.0, 38.45999999996275, 40.59127985168005, 2025-03-11, 02:30:00, Ok
38.44000000000233, 0.0, 0.0, 38.44000000000233, 40.53409922522263, 2025-03-11, 03:00:00, Ok
38.79999999998836, 0.0, 0.0, 38.79999999998836, 40.91357232018479, 2025-03-11, 03:30:00, Ok
36.78000000002794, 0.0, 0.0, 36.78000000002794, 38.943656736394566, 2025-03-11, 04:00:00, Ok
36.320000000006985, 0.0, 0.0, 36.320000000006985, 38.536175212393, 2025-03-11, 04:30:00, Ok
35.79999999998836, 0.0, 0.0, 35.79999999998836, 38.10093962095134, 2025-03-11, 05:00:00, Ok
37.34000000002561, 0.0, 0.0, 37.34000000002561, 39.47946301562014, 2025-03-11, 05:30:00, Ok
37.31999999994878, 0.0, 0.0, 37.31999999994878, 39.58563375767128, 2025-03-11, 06:00:00, Ok
35.44000000000233, 0.0, 0.0, 35.44000000000233, 36.77534500178097, 2025-03-11, 06:30:00, Ok
17.44000000000233, 0.0, 0.0, 17.44000000000233, 19.53442090260503, 2025-03-11, 07:00:00, Ok
0.08000000001629815, 0.0, 38.22000000003027, 38.14000000001397, 39.23390880349563, 2025-03-11, 07:30:00, Ok
2.7999999999883585, 0.0, 29.65999999997439, 26.85999999998603, 29.797140802417594, 2025-03-11, 08:00:00, Ok
0.3600000000442378, 0.0, 12.820000000006985, 12.459999999962747, 21.28753625949685, 2025-03-11, 08:30:00, Ok
0.0, 0.0, 45.839999999967404, 45.839999999967404, 48.800954908656244, 2025-03-11, 09:00:00, Ok
0.0, 0.0, 138.82000000000698, 138.82000000000698, 139.881494129861, 2025-03-11, 09:30:00, Ok
0.0, 0.0, 153.28000000002794, 153.28000000002794, 154.47782494587517, 2025-03-11, 10:00:00, Ok
0.0, 0.0, 240.05999999999767, 240.05999999999767, 241.06050526786626, 2025-03-11, 10:30:00, Ok
0.0, 0.0, 281.5800000000163, 281.5800000000163, 282.5064176262359, 2025-03-11, 11:00:00, Ok
0.0, 0.12000000000000455, 330.71999999997206, 330.7200217706535, 331.6741443042874, 2025-03-11, 11:30:00, Ok
0.0, 0.07999999999992724, 295.5200000000186, 295.52001082838876, 295.7253976242337, 2025-03-11, 12:00:00, Ok
0.0, 0.10000000000002274, 267.70000000001164, 267.70001867763517, 268.1437420489352, 2025-03-11, 12:30:00, Ok
0.0, 0.08000000000004093, 76.87999999994645, 76.88004162324424, 78.12646414622932, 2025-03-11, 13:00:00, Ok
0.0, 0.0, 37.5, 37.5, 40.921319626811595, 2025-03-11, 13:30:00, Ok
48.039999999979045, 0.0, 1.1800000000512227, 46.85999999992782, 49.64694955375931, 2025-03-11, 14:00:00, Ok
45.44000000000233, 0.0, 0.0, 45.44000000000233, 48.268333304560805, 2025-03-11, 14:30:00, Ok
65.44000000000233, 0.0, 0.0, 65.44000000000233, 67.3110035581118, 2025-03-11, 15:00:00, Ok
87.0800000000163, 0.0, 0.0, 87.0800000000163, 88.55220381223099, 2025-03-11, 15:30:00, Ok
78.37999999994645, 0.0, 0.0, 78.37999999994645, 80.00441237826449, 2025-03-11, 16:00:00, Ok
74.2400000000489, 0.0, 0.0, 74.2400000000489, 76.11713079200607, 2025-03-11, 16:30:00, Ok
76.4199999999837, 0.0, 0.0, 76.4199999999837, 78.23198834235063, 2025-03-11, 17:00:00, Ok
80.67999999999302, 0.0, 0.0, 80.67999999999302, 82.37406630729552, 2025-03-11, 17:30:00, Ok
88.88000000000466, 0.0, 0.0, 88.88000000000466, 90.38765402421342, 2025-03-11, 18:00:00, Ok
58.73999999999069, 0.0, 0.0, 58.73999999999069, 60.76595428361866, 2025-03-11, 18:30:00, Ok
30.64000000001397, 0.0, 0.0, 30.64000000001397, 33.152453906173285, 2025-03-11, 19:00:00, Ok
28.039999999979045, 0.0, 0.0, 28.039999999979045, 31.000161289884534, 2025-03-11, 19:30:00, Ok
29.98000000003958, 0.0, 0.0, 29.98000000003958, 32.61389274530539, 2025-03-11, 20:00:00, Ok
29.279999999969732, 0.0, 0.0, 29.279999999969732, 32.060598871483464, 2025-03-11, 20:30:00, Ok
30.239999999990687, 0.0, 0.0, 30.239999999990687, 32.884403598049204, 2025-03-11, 21:00:00, Ok
29.619999999995343, 0.0, 0.0, 29.619999999995343, 32.43628832033276, 2025-03-11, 21:30:00, Ok
27.900000000023283, 0.0, 0.0, 27.900000000023283, 30.813899461141638, 2025-03-11, 22:00:00, Ok
26.619999999995343, 0.0, 0.0, 26.619999999995343, 29.6599190828262, 2025-03-11, 22:30:00, Ok
28.900000000023283, 0.0, 0.0, 28.900000000023283, 31.805163102888102, 2025-03-11, 23:00:00, Ok
29.319999999948777, 0.0, 0.0, 29.319999999948777, 32.0646659112003, 2025-03-11, 23:30:00, Ok
30.580000000016298, 0.0, 0.0, 30.580000000016298, 33.25206760490716, 2025-03-12, 00:00:00, Ok
27.880000000004657, 0.0, 0.0, 27.880000000004657, 30.89849187258268, 2025-03-12, 00:30:00, Ok
28.400000000023283, 0.0, 0.0, 28.400000000023283, 31.267337590549154, 2025-03-12, 01:00:00, Ok
26.419999999983702, 0.0, 0.0, 26.419999999983702, 29.65110453253489, 2025-03-12, 01:30:00, Ok
27.55999999999767, 0.0, 0.0, 27.55999999999767, 30.584002354167655, 2025-03-12, 02:00:00, Ok
27.84000000002561, 0.0, 0.0, 27.84000000002561, 30.80224017829291, 2025-03-12, 02:30:00, Ok
30.65999999997439, 0.0, 0.0, 30.65999999997439, 33.364969653792905, 2025-03-12, 03:00:00, Ok
28.479999999981374, 0.0, 0.0, 28.479999999981374, 31.424016293257424, 2025-03-12, 03:30:00, Ok
29.740000000048894, 0.0, 0.0, 29.740000000048894, 32.44916023571612, 2025-03-12, 04:00:00, Ok
27.619999999995343, 0.0, 0.0, 27.619999999995343, 30.664096269082204, 2025-03-12, 04:30:00, Ok
28.619999999995343, 0.0, 0.0, 28.619999999995343, 31.442404488204136, 2025-03-12, 05:00:00, Ok
28.279999999969732, 0.0, 0.0, 28.279999999969732, 31.074954545389655, 2025-03-12, 05:30:00, Ok
27.98000000003958, 0.0, 0.0, 27.98000000003958, 30.954450407047347, 2025-03-12, 06:00:00, Ok
24.199999999953434, 0.0, 0.0, 24.199999999953434, 26.177096859614988, 2025-03-12, 06:30:00, Ok
9.200000000011642, 0.0, 0.29999999998835847, 8.900000000023283, 12.558248285506412, 2025-03-12, 07:00:00, Ok
0.0, 0.0, 61.76000000000931, 61.76000000000931, 62.38097466376371, 2025-03-12, 07:30:00, Ok
0.0, 0.0, 86.94000000000233, 86.94000000000233, 88.05364955526025, 2025-03-12, 08:00:00, Ok
0.0, 0.0, 54.95999999996275, 54.95999999996275, 57.11473715246973, 2025-03-12, 08:30:00, Ok
0.0, 0.0, 124.96000000002095, 124.96000000002095, 126.0816005609272, 2025-03-12, 09:00:00, Ok
0.0, 0.0, 187.89999999996508, 187.89999999996508, 188.88247033535717, 2025-03-12, 09:30:00, Ok
0.0, 0.0, 156.72000000003027, 156.72000000003027, 157.95580647766494, 2025-03-12, 10:00:00, Ok
0.0, 0.0, 163.29999999998836, 163.29999999998836, 164.0510664396804, 2025-03-12, 10:30:00, Ok
0.0, 0.09999999999990905, 212.35999999998603, 212.36002354490844, 212.7466145441427, 2025-03-12, 11:00:00, Ok
0.0, 0.0, 251.94000000000233, 251.94000000000233, 252.43494924435643, 2025-03-12, 11:30:00, Ok
0.0, 0.0, 226.22000000003027, 226.22000000003027, 227.03332002156455, 2025-03-12, 12:00:00, Ok
0.0, 0.0, 263.8999999999651, 263.8999999999651, 264.28499314183813, 2025-03-12, 12:30:00, Ok
0.0, 0.04000000000007731, 257.9000000000233, 257.90000310200077, 258.300589236672, 2025-03-12, 13:00:00, Ok
0.0, 0.13999999999998636, 264.61999999999534, 264.6200370342305, 264.9560340886718, 2025-03-12, 13:30:00, Ok
0.0, 0.0, 253.14000000001397, 253.14000000001397, 253.69686556993008, 2025-03-12, 14:00:00, Ok
0.0, 0.31999999999993634, 277.71999999997206, 277.7201843582574, 278.01851161385713, 2025-03-12, 14:30:00, Ok
0.0, 0.04000000000007731, 250.60000000003492, 250.6000031923733, 251.19368543022256, 2025-03-12, 15:00:00, Ok
0.0, 0.0, 159.32000000000698, 159.32000000000698, 160.65911863321702, 2025-03-12, 15:30:00, Ok
0.20000000001164153, 0.0, 13.779999999969732, 13.57999999995809, 20.84919183083802, 2025-03-12, 16:00:00, Ok
0.0, 0.0, 22.960000000020955, 22.960000000020955, 28.52100979981079, 2025-03-12, 16:30:00, Ok
6.85999999998603, 0.0, 1.8399999999674037, 5.0200000000186265, 16.349740059099243, 2025-03-12, 17:00:00, Ok
10.720000000030268, 0.0, 0.11999999999534339, 10.600000000034925, 19.092783977222606, 2025-03-12, 17:30:00, Ok
54.38000000000466, 0.0, 0.0, 54.38000000000466, 56.79915844447271, 2025-03-12, 18:00:00, Ok
50.45999999996275, 0.0, 0.0, 50.45999999996275, 52.44168189518913, 2025-03-12, 18:30:00, Ok
30.919999999983702, 0.0, 0.0, 30.919999999983702, 33.396269252706084, 2025-03-12, 19:00:00, Ok
30.70000000001164, 0.0, 0.0, 30.70000000001164, 33.401730494099006, 2025-03-12, 19:30:00, Ok
30.179999999993015, 0.0, 0.0, 30.179999999993015, 32.92442862070153, 2025-03-12, 20:00:00, Ok
32.02000000001863, 0.0, 0.0, 32.02000000001863, 34.558362229729475, 2025-03-12, 20:30:00, Ok
30.34000000002561, 0.0, 0.0, 30.34000000002561, 33.13514750233866, 2025-03-12, 21:00:00, Ok
32.179999999993015, 0.0, 0.0, 32.179999999993015, 34.70666218465196, 2025-03-12, 21:30:00, Ok
27.29999999998836, 0.0, 0.0, 27.29999999998836, 30.40253936761039, 2025-03-12, 22:00:00, Ok
29.760000000009313, 0.0, 0.0, 29.760000000009313, 32.48350350563591, 2025-03-12, 22:30:00, Ok
27.839999999967404, 0.0, 0.0, 27.839999999967404, 30.862404313312517, 2025-03-12, 23:00:00, Ok
28.880000000004657, 0.0, 0.0, 28.880000000004657, 31.786991049802715, 2025-03-12, 23:30:00, Ok
27.520000000018626, 0.0, 0.0, 27.520000000018626, 30.59150208801524, 2025-03-13, 00:00:00, Ok
29.679999999993015, 0.0, 0.0, 29.679999999993015, 32.45052850108089, 2025-03-13, 00:30:00, Ok
27.400000000023283, 0.0, 0.0, 27.400000000023283, 30.536378305247105, 2025-03-13, 01:00:00, Ok
28.21999999997206, 0.0, 0.0, 28.21999999997206, 31.10393544229522, 2025-03-13, 01:30:00, Ok
26.05999999999767, 0.0, 0.0, 26.05999999999767, 29.367587575422316, 2025-03-13, 02:00:00, Ok
28.419999999983702, 0.0, 0.0, 28.419999999983702, 31.28550463071898, 2025-03-13, 02:30:00, Ok
28.380000000004657, 0.0, 0.0, 28.380000000004657, 31.32494213882144, 2025-03-13, 03:00:00, Ok
29.160000000032596, 0.0, 0.0, 29.160000000032596, 31.967414659331965, 2025-03-13, 03:30:00, Ok
27.539999999979045, 0.0, 0.0, 27.539999999979045, 30.565981090079422, 2025-03-13, 04:00:00, Ok
28.739999999990687, 0.0, 0.0, 28.739999999990687, 31.543424037340408, 2025-03-13, 04:30:00, Ok
27.100000000034925, 0.0, 0.0, 27.100000000034925, 30.117596185649973, 2025-03-13, 05:00:00, Ok
29.01999999996042, 0.0, 0.0, 29.01999999996042, 31.847995227291474, 2025-03-13, 05:30:00, Ok
27.460000000020955, 0.0, 0.0, 27.460000000020955, 30.467878167031486, 2025-03-13, 06:00:00, Ok
26.85999999998603, 0.0, 0.0, 26.85999999998603, 28.668100739311825, 2025-03-13, 06:30:00, Ok
4.340000000025611, 0.0, 10.580000000016298, 6.239999999990687, 11.050429855883383, 2025-03-13, 07:00:00, Ok
0.0, 0.0, 63.539999999979045, 63.539999999979045, 64.17703639151165, 2025-03-13, 07:30:00, Ok
0.0, 0.0, 119.88000000000466, 119.88000000000466, 120.65122792579025, 2025-03-13, 08:00:00, Ok
0.0, 0.0, 99.76000000000931, 99.76000000000931, 100.94776471027939, 2025-03-13, 08:30:00, Ok
0.0, 0.05999999999994543, 139.54000000003725, 139.54001289956366, 140.19537510207158, 2025-03-13, 09:00:00, Ok
0.0, 0.0, 125.59999999997672, 125.59999999997672, 127.25232257210179, 2025-03-13, 09:30:00, Ok
0.0, 0.13999999999998636, 192.97999999998137, 192.98005078243918, 193.39220459985629, 2025-03-13, 10:00:00, Ok
0.0, 0.0, 183.44000000000233, 183.44000000000233, 184.19678607402764, 2025-03-13, 10:30:00, Ok
0.0, 0.0, 166.7399999999907, 166.7399999999907, 167.67050187792984, 2025-03-13, 11:00:00, Ok
0.0, 0.12000000000000455, 266.88000000000466, 266.8800269784206, 267.4107701645583, 2025-03-13, 11:30:00, Ok
0.0, 0.04000000000007731, 192.8400000000256, 192.84000414854248, 193.83349968467746, 2025-03-13, 12:00:00, Ok
0.0, 0.07999999999992724, 137.52000000001863, 137.52002326935929, 138.16743465811757, 2025-03-13, 12:30:00, Ok
0.0, 0.06000000000005912, 195.44000000000233, 195.44000920998982, 195.7122786132771, 2025-03-13, 13:00:00, Ok
0.0, 0.17999999999994998, 157.9199999999837, 157.92010258353702, 159.17139441493407, 2025-03-13, 13:30:00, Ok
2.4799999999813735, 0.0, 55.64000000001397, 53.160000000032596, 55.74543927536518, 2025-03-13, 14:00:00, Ok
0.0, 0.0, 87.44000000000233, 87.44000000000233, 89.29774913177133, 2025-03-13, 14:30:00, Ok
26.78000000002794, 0.0, 14.379999999946449, 12.40000000008149, 19.943530279313027, 2025-03-13, 15:00:00, Ok
63.70000000001164, 0.0, 0.0, 63.70000000001164, 65.51635215731793, 2025-03-13, 15:30:00, Ok
49.13999999995576, 0.0, 0.0, 49.13999999995576, 51.56281605959383, 2025-03-13, 16:00:00, Ok
0.7999999999883585, 0.0, 68.80000000004657, 68.00000000005821, 70.38829732283388, 2025-03-13, 16:30:00, Ok
13.600000000034925, 0.0, 10.479999999981374, 3.120000000053551, 15.634474727362866, 2025-03-13, 17:00:00, Ok
64.67999999999302, 0.0, 0.0, 64.67999999999302, 66.69250332682772, 2025-03-13, 17:30:00, Ok
73.4199999999837, 0.0, 0.0, 73.4199999999837, 75.15597115331245, 2025-03-13, 18:00:00, Ok
66.79999999998836, 0.0, 0.0, 66.79999999998836, 68.56116685120314, 2025-03-13, 18:30:00, Ok
31.28000000002794, 0.0, 0.0, 31.28000000002794, 33.805188950838996, 2025-03-13, 19:00:00, Ok
29.039999999979045, 0.0, 0.0, 29.039999999979045, 31.817001744331332, 2025-03-13, 19:30:00, Ok
29.5, 0.0, 0.0, 29.5, 32.189196945555274, 2025-03-13, 20:00:00, Ok
28.5, 0.0, 0.0, 28.5, 31.341531551604373, 2025-03-13, 20:30:00, Ok
32.04000000003725, 0.0, 0.0, 32.04000000003725, 34.42849982212654, 2025-03-13, 21:00:00, Ok
28.820000000006985, 0.0, 0.0, 28.820000000006985, 31.740863252288523, 2025-03-13, 21:30:00, Ok
29.819999999948777, 0.0, 0.0, 29.819999999948777, 32.554508136307085, 2025-03-13, 22:00:00, Ok
28.44000000000233, 0.0, 0.0, 28.44000000000233, 31.396235443126137, 2025-03-13, 22:30:00, Ok
29.98000000003958, 0.0, 0.0, 29.98000000003958, 32.56683589178419, 2025-03-13, 23:00:00, Ok
27.5, 0.0, 0.0, 27.5, 30.54734030975655, 2025-03-13, 23:30:00, Ok
27.399999999965075, 0.0, 0.0, 27.399999999965075, 30.422498253728556, 2025-03-14, 00:00:00, Ok
26.84000000002561, 0.0, 0.0, 26.84000000002561, 29.901471535715274, 2025-03-14, 00:30:00, Ok
28.94000000000233, 0.0, 0.0, 28.94000000000233, 31.750388974002412, 2025-03-14, 01:00:00, Ok
29.039999999979045, 0.0, 0.0, 29.039999999979045, 31.817001744331332, 2025-03-14, 01:30:00, Ok
28.679999999993015, 0.0, 0.0, 28.679999999993015, 31.67295376183394, 2025-03-14, 02:00:00, Ok
28.800000000046566, 0.0, 0.0, 28.800000000046566, 31.832587076815066, 2025-03-14, 02:30:00, Ok
28.839999999967404, 0.0, 0.0, 28.839999999967404, 31.89435686760266, 2025-03-14, 03:00:00, Ok
27.960000000020955, 0.0, 0.0, 27.960000000020955, 30.953513532410838, 2025-03-14, 03:30:00, Ok
28.739999999990687, 0.0, 0.0, 28.739999999990687, 31.7188272166456, 2025-03-14, 04:00:00, Ok
27.65999999997439, 0.0, 0.0, 27.65999999997439, 30.805019071549363, 2025-03-14, 04:30:00, Ok
29.179999999993015, 0.0, 0.0, 29.179999999993015, 32.01850714820714, 2025-03-14, 05:00:00, Ok
28.380000000004657, 0.0, 0.0, 28.380000000004657, 31.341895284107416, 2025-03-14, 05:30:00, Ok
29.5, 0.0, 0.0, 29.5, 32.23740063962974, 2025-03-14, 06:00:00, Ok
25.580000000016298, 0.0, 0.0, 25.580000000016298, 27.64356706362356, 2025-03-14, 06:30:00, Ok
3.580000000016298, 0.0, 10.239999999990687, 6.659999999974389, 11.16410318832251, 2025-03-14, 07:00:00, Ok
0.0, 0.0, 69.5, 69.5, 70.07774539752394, 2025-03-14, 07:30:00, Ok
0.0, 0.0, 98.47999999998137, 98.47999999998137, 99.198774185956, 2025-03-14, 08:00:00, Ok
0.0, 0.0, 62.820000000006985, 62.820000000006985, 64.9558527001265, 2025-03-14, 08:30:00, Ok
0.0, 0.0, 44.240000000048894, 44.240000000048894, 47.553456236160244, 2025-03-14, 09:00:00, Ok
0.0, 0.0, 135.5, 135.5, 136.44137935391888, 2025-03-14, 09:30:00, Ok
0.0, 0.0, 89.9199999999837, 89.9199999999837, 91.51659303097557, 2025-03-14, 10:00:00, Ok
0.0, 0.0, 187.51999999996042, 187.51999999996042, 188.48010611198507, 2025-03-14, 10:30:00, Ok
0.0, 0.0, 227.20000000001164, 227.20000000001164, 227.7640893556432, 2025-03-14, 11:00:00, Ok
0.0, 0.0, 209.0, 209.0, 209.83847978862136, 2025-03-14, 11:30:00, Ok
0.0, 0.0, 166.98000000003958, 166.98000000003958, 167.96243627672587, 2025-03-14, 12:00:00, Ok
0.0, 0.0, 239.19999999995343, 239.19999999995343, 239.88684749268288, 2025-03-14, 12:30:00, Ok
0.0, 0.7799999999999727, 235.36000000004424, 235.3612924845987, 235.6811821084171, 2025-03-14, 13:00:00, Ok
0.0, 0.18000000000006366, 210.4199999999837, 210.420076988849, 211.12343498530296, 2025-03-14, 13:30:00, Ok
0.0, 0.0, 286.7399999999907, 286.7399999999907, 287.3297541153621, 2025-03-14, 14:00:00, Ok
0.0, 0.08000000000004093, 328.46000000002095, 328.4600097424552, 329.25037828378265, 2025-03-14, 14:30:00, Ok
0.0, 0.0, 212.63999999995576, 212.63999999995576, 213.4415142374628, 2025-03-14, 15:00:00, Ok
0.0, 0.0, 125.82000000000698, 125.82000000000698, 126.91033212470116, 2025-03-14, 15:30:00, Ok
5.14000000001397, 0.0, 29.360000000044238, 24.220000000030268, 29.775674635534358, 2025-03-14, 16:00:00, Ok
14.779999999969732, 0.0, 14.399999999965075, 0.3800000000046566, 16.624343596074176, 2025-03-14, 16:30:00, Ok
27.020000000018626, 0.0, 0.0, 27.020000000018626, 31.330815501684015, 2025-03-14, 17:00:00, Ok
33.59999999997672, 0.0, 0.0, 33.59999999997672, 37.01121992043172, 2025-03-14, 17:30:00, Ok
58.70000000001164, 0.0, 0.0, 58.70000000001164, 60.784030797581444, 2025-03-14, 18:00:00, Ok
68.90000000002328, 0.0, 0.0, 68.90000000002328, 70.78804701362638, 2025-03-14, 18:30:00, Ok
41.09999999997672, 0.0, 0.0, 41.09999999997672, 42.98216374262852, 2025-03-14, 19:00:00, Ok
39.5, 0.0, 0.0, 39.5, 41.58425182686349, 2025-03-14, 19:30:00, Ok
37.88000000000466, 0.0, 0.0, 37.88000000000466, 40.04216277875418, 2025-03-14, 20:00:00, Ok
39.64000000001397, 0.0, 0.0, 39.64000000001397, 41.600408651850884, 2025-03-14, 20:30:00, Ok
39.05999999999767, 0.0, 0.0, 39.05999999999767, 41.210959707337594, 2025-03-14, 21:00:00, Ok
38.71999999997206, 0.0, 0.0, 38.71999999997206, 40.876012525660926, 2025-03-14, 21:30:00, Ok
36.94000000000233, 0.0, 0.0, 36.94000000000233, 39.21414540698629, 2025-03-14, 22:00:00, Ok
35.22000000003027, 0.0, 0.0, 35.22000000003027, 37.59132878739613, 2025-03-14, 22:30:00, Ok
36.839999999967404, 0.0, 0.0, 36.839999999967404, 39.10652119528757, 2025-03-14, 23:00:00, Ok
37.38000000000466, 0.0, 0.0, 37.38000000000466, 39.50433900219466, 2025-03-14, 23:30:00, Ok
37.539999999979045, 0.0, 0.0, 37.539999999979045, 39.642895958778794, 2025-03-15, 00:00:00, Ok
36.34000000002561, 0.0, 0.0, 36.34000000002561, 38.68362961255992, 2025-03-15, 00:30:00, Ok
37.59999999997672, 0.0, 0.0, 37.59999999997672, 39.83648578876331, 2025-03-15, 01:00:00, Ok
36.54000000003725, 0.0, 0.0, 36.54000000003725, 38.810539805609096, 2025-03-15, 01:30:00, Ok
37.77999999996973, 0.0, 0.0, 37.77999999996973, 39.96711147928439, 2025-03-15, 02:00:00, Ok
37.600000000034925, 0.0, 0.0, 37.600000000034925, 39.71257231661778, 2025-03-15, 02:30:00, Ok
38.05999999999767, 0.0, 0.0, 38.05999999999767, 40.231892821492195, 2025-03-15, 03:00:00, Ok
35.57999999995809, 0.0, 0.0, 35.57999999995809, 37.970567549048816, 2025-03-15, 03:30:00, Ok
36.100000000034925, 0.0, 0.0, 36.100000000034925, 38.39656755495948, 2025-03-15, 04:00:00, Ok
36.26000000000931, 0.0, 0.0, 36.26000000000931, 38.64294502235422, 2025-03-15, 04:30:00, Ok
37.85999999998603, 0.0, 0.0, 37.85999999998603, 40.029733948640505, 2025-03-15, 05:00:00, Ok
38.039999999979045, 0.0, 0.0, 38.039999999979045, 40.16137447845287, 2025-03-15, 05:30:00, Ok
35.78000000002794, 0.0, 0.0, 35.78000000002794, 38.1234048846861, 2025-03-15, 06:00:00, Ok
34.14000000001397, 0.0, 0.0, 34.14000000001397, 35.671490016555, 2025-03-15, 06:30:00, Ok
14.880000000004657, 0.0, 0.0, 14.880000000004657, 17.8724480695853, 2025-03-15, 07:00:00, Ok
9.539999999979045, 0.0, 1.179999999993015, 8.35999999998603, 13.095648132101047, 2025-03-15, 07:30:00, Ok
1.279999999969732, 0.0, 57.23999999999069, 55.960000000020955, 57.68467387445599, 2025-03-15, 08:00:00, Ok
8.360000000044238, 0.0, 21.720000000030268, 13.35999999998603, 20.417717796063755, 2025-03-15, 08:30:00, Ok
0.0, 0.0, 76.84000000002561, 76.84000000002561, 78.48812394244072, 2025-03-15, 09:00:00, Ok
0.0, 0.0, 126.51999999996042, 126.51999999996042, 127.14586269316735, 2025-03-15, 09:30:00, Ok
0.0, 0.0, 127.0800000000163, 127.0800000000163, 128.1544380815762, 2025-03-15, 10:00:00, Ok
0.0, 0.0, 172.2399999999907, 172.2399999999907, 173.27603411896501, 2025-03-15, 10:30:00, Ok
0.0, 0.0, 229.72000000003027, 229.72000000003027, 230.23294290786, 2025-03-15, 11:00:00, Ok
0.0, 0.03999999999996362, 213.35999999998603, 213.36000374951732, 213.85486012712943, 2025-03-15, 11:30:00, Ok
0.0, 0.0, 195.79999999998836, 195.79999999998836, 196.44452143033988, 2025-03-15, 12:00:00, Ok
0.0, 0.0, 139.94000000000233, 139.94000000000233, 140.82912908912255, 2025-03-15, 12:30:00, Ok
0.0, 0.0, 100.17999999999302, 100.17999999999302, 102.23596431783858, 2025-03-15, 13:00:00, Ok
0.0, 0.0, 88.73999999999069, 88.73999999999069, 90.49975248584207, 2025-03-15, 13:30:00, Ok
0.0, 0.0, 104.22000000003027, 104.22000000003027, 105.80754226427395, 2025-03-15, 14:00:00, Ok
0.0, 0.0, 84.71999999997206, 84.71999999997206, 86.30417139394247, 2025-03-15, 14:30:00, Ok
0.0, 0.0, 195.32000000000698, 195.32000000000698, 195.97097744309724, 2025-03-15, 15:00:00, Ok
0.0, 0.0, 178.5800000000163, 178.5800000000163, 179.3006971542658, 2025-03-15, 15:30:00, Ok
16.779999999969732, 0.0, 21.339999999967404, 4.559999999997672, 18.413560220659505, 2025-03-15, 16:00:00, Ok
8.320000000006985, 0.0, 26.20000000001164, 17.880000000004657, 26.148437811850886, 2025-03-15, 16:30:00, Ok
10.539999999979045, 0.0, 61.88000000000466, 51.34000000002561, 54.16367048126402, 2025-03-15, 17:00:00, Ok
30.619999999995343, 0.0, 0.0, 30.619999999995343, 33.02050877863225, 2025-03-15, 17:30:00, Ok
40.34000000002561, 0.0, 0.0, 40.34000000002561, 42.047297178321465, 2025-03-15, 18:00:00, Ok
52.61999999999534, 0.0, 0.0, 52.61999999999534, 54.304335001908115, 2025-03-15, 18:30:00, Ok
42.61999999999534, 0.0, 0.0, 42.61999999999534, 44.40400882802588, 2025-03-15, 19:00:00, Ok
40.88000000000466, 0.0, 0.0, 40.88000000000466, 42.84304844429911, 2025-03-15, 19:30:00, Ok
38.5, 0.0, 0.0, 38.5, 40.66123952857372, 2025-03-15, 20:00:00, Ok
38.38000000000466, 0.0, 0.0, 38.38000000000466, 40.48356209623978, 2025-03-15, 20:30:00, Ok
36.85999999998603, 0.0, 0.0, 36.85999999998603, 39.1996836721837, 2025-03-15, 21:00:00, Ok
37.73999999999069, 0.0, 0.0, 37.73999999999069, 39.98184087806889, 2025-03-15, 21:30:00, Ok
37.960000000020955, 0.0, 0.0, 37.960000000020955, 40.137304343981846, 2025-03-15, 22:00:00, Ok
38.9199999999837, 0.0, 0.0, 38.9199999999837, 41.059137837986526, 2025-03-15, 22:30:00, Ok
37.320000000006985, 0.0, 0.0, 37.320000000006985, 39.585633757721304, 2025-03-15, 23:00:00, Ok
38.679999999993015, 0.0, 0.0, 38.679999999993015, 40.8574105885279, 2025-03-15, 23:30:00, Ok
36.36000000004424, 0.0, 0.0, 36.36000000004424, 38.681902745381336, 2025-03-16, 00:00:00, Ok
37.27999999996973, 0.0, 0.0, 37.27999999996973, 39.35813511839697, 2025-03-16, 00:30:00, Ok
35.84000000002561, 0.0, 0.0, 35.84000000002561, 38.200445023605184, 2025-03-16, 01:00:00, Ok
38.15999999997439, 0.0, 0.0, 38.15999999997439, 40.4311167295446, 2025-03-16, 01:30:00, Ok
36.539999999979045, 0.0, 0.0, 36.539999999979045, 38.94025166840401, 2025-03-16, 02:00:00, Ok
37.62000000005355, 0.0, 0.0, 37.62000000005355, 39.78326281244525, 2025-03-16, 02:30:00, Ok
37.27999999996973, 0.0, 0.0, 37.27999999996973, 39.52793948585896, 2025-03-16, 03:00:00, Ok
38.679999999993015, 0.0, 0.0, 38.679999999993015, 40.705341172864316, 2025-03-16, 03:30:00, Ok
36.20000000001164, 0.0, 0.0, 36.20000000001164, 38.60746559929564, 2025-03-16, 04:00:00, Ok
37.0800000000163, 0.0, 0.0, 37.0800000000163, 39.38635296649798, 2025-03-16, 04:30:00, Ok
37.399999999965075, 0.0, 0.0, 37.399999999965075, 39.60152017280542, 2025-03-16, 05:00:00, Ok
39.70000000001164, 0.0, 0.0, 39.70000000001164, 41.792985057313906, 2025-03-16, 05:30:00, Ok
36.05999999999767, 0.0, 0.0, 36.05999999999767, 38.47622642619954, 2025-03-16, 06:00:00, Ok
37.660000000032596, 0.0, 0.0, 37.660000000032596, 39.02209630455778, 2025-03-16, 06:30:00, Ok
26.899999999965075, 0.0, 0.0, 26.899999999965075, 28.643247022611433, 2025-03-16, 07:00:00, Ok
22.020000000018626, 0.0, 0.0, 22.020000000018626, 24.005707654655293, 2025-03-16, 07:30:00, Ok
16.71999999997206, 0.0, 0.20000000001164153, 16.51999999996042, 19.98119115565461, 2025-03-16, 08:00:00, Ok
17.179999999993015, 0.0, 10.820000000006985, 6.35999999998603, 16.75409203746423, 2025-03-16, 08:30:00, Ok
1.1000000000349246, 0.0, 26.899999999965075, 25.79999999993015, 29.99549966238335, 2025-03-16, 09:00:00, Ok
0.0, 0.0, 105.36000000004424, 105.36000000004424, 106.54405286082219, 2025-03-16, 09:30:00, Ok
2.820000000006985, 0.0, 63.27999999996973, 60.45999999996275, 61.77124897551623, 2025-03-16, 10:00:00, Ok
1.8399999999674037, 0.0, 36.52000000001863, 34.68000000005122, 38.387940814841365, 2025-03-16, 10:30:00, Ok
0.0, 0.0, 82.14000000001397, 82.14000000001397, 83.80852701248409, 2025-03-16, 11:00:00, Ok
0.0, 0.0, 78.7599999999511, 78.7599999999511, 80.20197753168111, 2025-03-16, 11:30:00, Ok
0.0, 0.0, 86.32000000000698, 86.32000000000698, 87.974216677394, 2025-03-16, 12:00:00, Ok
0.0, 0.0, 153.36000000004424, 153.36000000004424, 154.17380451948958, 2025-03-16, 12:30:00, Ok
0.0, 0.0, 78.09999999997672, 78.09999999997672, 79.06574732459168, 2025-03-16, 13:00:00, Ok
0.0, 0.0, 197.05999999999767, 197.05999999999767, 197.7629874369802, 2025-03-16, 13:30:00, Ok
1.3000000000465661, 0.0, 116.97999999998137, 115.67999999993481, 116.60271008850908, 2025-03-16, 14:00:00, Ok
1.5, 0.0, 36.48000000003958, 34.98000000003958, 38.55760366001506, 2025-03-16, 14:30:00, Ok
0.0, 0.0, 179.2599999999511, 179.2599999999511, 180.10636079823098, 2025-03-16, 15:00:00, Ok
20.07999999995809, 0.0, 32.36000000004424, 12.280000000086147, 18.07279723789256, 2025-03-16, 15:30:00, Ok
53.88000000000466, 0.0, 0.0, 53.88000000000466, 55.735105633709594, 2025-03-16, 16:00:00, Ok
55.47999999998137, 0.0, 0.0, 55.47999999998137, 57.620690728225924, 2025-03-16, 16:30:00, Ok
42.06000000005588, 0.0, 0.0, 42.06000000005588, 44.77692709426048, 2025-03-16, 17:00:00, Ok
33.51999999996042, 0.0, 0.0, 33.51999999996042, 35.99617757480958, 2025-03-16, 17:30:00, Ok
30.94000000000233, 0.0, 0.0, 30.94000000000233, 32.49749528810167, 2025-03-16, 18:00:00, Ok
35.11999999999534, 0.0, 0.0, 35.11999999999534, 37.27820274637275, 2025-03-16, 18:30:00, Ok
30.92000000004191, 0.0, 0.0, 30.92000000004191, 33.65122286043348, 2025-03-16, 19:00:00, Ok
22.239999999990687, 0.0, 0.0, 22.239999999990687, 26.290264357737065, 2025-03-16, 19:30:00, Ok
23.839999999967404, 0.0, 0.0, 23.839999999967404, 27.446413244688426, 2025-03-16, 20:00:00, Ok
22.119999999995343, 0.0, 0.0, 22.119999999995343, 26.061135815611756, 2025-03-16, 20:30:00, Ok
22.400000000023283, 0.0, 0.0, 22.400000000023283, 26.236531783014662, 2025-03-16, 21:00:00, Ok
22.0, 0.0, 0.0, 22.0, 25.906416193680805, 2025-03-16, 21:30:00, Ok
23.419999999983702, 0.0, 0.0, 23.419999999983702, 27.09244913253709, 2025-03-16, 22:00:00, Ok
22.70000000001164, 0.0, 0.0, 22.70000000001164, 26.544822470688786, 2025-03-16, 22:30:00, Ok
23.119999999995343, 0.0, 0.0, 23.119999999995343, 26.92534865140775, 2025-03-16, 23:00:00, Ok
22.79999999998836, 0.0, 0.0, 22.79999999998836, 26.60974257672368, 2025-03-16, 23:30:00, Ok
23.960000000020955, 0.0, 0.0, 23.960000000020955, 27.64000723590665, 2025-03-17, 00:00:00, Ok
21.0, 0.0, 0.0, 21.0, 25.249958415809605, 2025-03-17, 00:30:00, Ok
22.779999999969732, 0.0, 0.0, 22.779999999969732, 26.4797734129018, 2025-03-17, 01:00:00, Ok
22.48000000003958, 0.0, 0.0, 22.48000000003958, 26.409278672500612, 2025-03-17, 01:30:00, Ok
24.239999999990687, 0.0, 0.0, 24.239999999990687, 27.814154669871467, 2025-03-17, 02:00:00, Ok
22.21999999997206, 0.0, 0.0, 22.21999999997206, 26.156612930554264, 2025-03-17, 02:30:00, Ok
23.14000000001397, 0.0, 0.0, 23.14000000001397, 26.881257411074646, 2025-03-17, 03:00:00, Ok
21.20000000001164, 0.0, 0.0, 21.20000000001164, 25.328632019919862, 2025-03-17, 03:30:00, Ok
22.79999999998836, 0.0, 0.0, 22.79999999998836, 26.54806960966517, 2025-03-17, 04:00:00, Ok
22.580000000016298, 0.0, 0.0, 22.580000000016298, 26.369694727103102, 2025-03-17, 04:30:00, Ok
22.779999999969732, 0.0, 0.0, 22.779999999969732, 26.644338985953695, 2025-03-17, 05:00:00, Ok
22.94000000000233, 0.0, 0.0, 22.94000000000233, 26.63785276632348, 2025-03-17, 05:30:00, Ok
23.760000000009313, 0.0, 0.0, 23.760000000009313, 27.416783181114656, 2025-03-17, 06:00:00, Ok
24.35999999998603, 0.0, 0.0, 24.35999999998603, 26.582309907141386, 2025-03-17, 06:30:00, Ok
14.78000000002794, 0.0, 0.7199999999720603, 14.06000000005588, 16.84642395292098, 2025-03-17, 07:00:00, Ok
0.0, 0.0, 14.35999999998603, 14.35999999998603, 17.385327146753834, 2025-03-17, 07:30:00, Ok
1.2199999999720603, 0.0, 9.059999999997672, 7.840000000025611, 14.300601385975163, 2025-03-17, 08:00:00, Ok
0.2600000000093132, 0.0, 14.440000000002328, 14.179999999993015, 21.847123380428076, 2025-03-17, 08:30:00, Ok
1.0800000000162981, 0.0, 40.20000000001164, 39.11999999999534, 42.15286941596674, 2025-03-17, 09:00:00, Ok
0.0, 0.0, 154.7600000000093, 154.7600000000093, 156.18097835524995, 2025-03-17, 09:30:00, Ok
0.0, 0.0, 179.05999999999767, 179.05999999999767, 179.796749692532, 2025-03-17, 10:00:00, Ok
0.0, 0.0, 171.85999999998603, 171.85999999998603, 172.90050086681438, 2025-03-17, 10:30:00, Ok
0.5800000000162981, 0.0, 31.380000000004657, 30.79999999998836, 35.365299376641005, 2025-03-17, 11:00:00, Ok
0.059999999997671694, 0.0, 27.540000000037253, 27.48000000003958, 32.91633029367044, 2025-03-17, 11:30:00, Ok
0.0, 0.0, 43.07999999995809, 43.07999999995809, 46.1174370493049, 2025-03-17, 12:00:00, Ok
0.0, 0.0, 134.30000000004657, 134.30000000004657, 135.31467621811132, 2025-03-17, 12:30:00, Ok
0.0, 0.0, 100.4199999999837, 100.4199999999837, 101.95756960616855, 2025-03-17, 13:00:00, Ok
0.0, 0.0, 71.44000000000233, 71.44000000000233, 73.28484973035486, 2025-03-17, 13:30:00, Ok
0.0, 0.0, 100.03999999997905, 100.03999999997905, 101.460770744144, 2025-03-17, 14:00:00, Ok
0.0, 0.0, 157.8400000000256, 157.8400000000256, 159.04243458903562, 2025-03-17, 14:30:00, Ok
0.0, 0.0, 120.03999999997905, 120.03999999997905, 121.36136617554612, 2025-03-17, 15:00:00, Ok
0.0, 0.0, 185.64000000001397, 185.64000000001397, 187.0033721621232, 2025-03-17, 15:30:00, Ok
0.0, 0.0, 148.35999999998603, 148.35999999998603, 150.09869419817016, 2025-03-17, 16:00:00, Ok
0.059999999997671694, 0.0, 140.22000000003027, 140.1600000000326, 141.52379870540784, 2025-03-17, 16:30:00, Ok
7.9799999999813735, 0.0, 26.259999999951106, 18.279999999969732, 25.43109907178927, 2025-03-17, 17:00:00, Ok
16.160000000032596, 0.0, 3.2600000000093132, 12.900000000023283, 21.13380230816916, 2025-03-17, 17:30:00, Ok
62.699999999953434, 0.0, 0.0, 62.699999999953434, 64.71422100275815, 2025-03-17, 18:00:00, Ok
59.160000000032596, 0.0, 0.0, 59.160000000032596, 61.27501285192898, 2025-03-17, 18:30:00, Ok
34.23999999999069, 0.0, 0.0, 34.23999999999069, 36.44349050241017, 2025-03-17, 19:00:00, Ok
32.77999999996973, 0.0, 0.0, 32.77999999996973, 35.23428443998786, 2025-03-17, 19:30:00, Ok
29.28000000002794, 0.0, 0.0, 29.28000000002794, 31.891817132324423, 2025-03-17, 20:00:00, Ok
28.260000000009313, 0.0, 0.0, 28.260000000009313, 31.12345096548162, 2025-03-17, 20:30:00, Ok
28.64000000001397, 0.0, 0.0, 28.64000000001397, 31.53552916950536, 2025-03-17, 21:00:00, Ok
28.880000000004657, 0.0, 0.0, 28.880000000004657, 31.679248728471688, 2025-03-17, 21:30:00, Ok
27.419999999983702, 0.0, 0.0, 27.419999999983702, 30.431832018447878, 2025-03-17, 22:00:00, Ok
27.179999999993015, 0.0, 0.0, 27.179999999993015, 30.20703229381258, 2025-03-17, 22:30:00, Ok
26.71999999997206, 0.0, 0.0, 26.71999999997206, 29.87386817937246, 2025-03-17, 23:00:00, Ok
28.94000000000233, 0.0, 0.0, 28.94000000000233, 31.69305917705152, 2025-03-17, 23:30:00, Ok
27.34000000002561, 0.0, 0.0, 27.34000000002561, 30.500262293978892, 2025-03-18, 00:00:00, Ok
28.380000000004657, 0.0, 0.0, 28.380000000004657, 31.299591051644548, 2025-03-18, 00:30:00, Ok
28.339999999967404, 0.0, 0.0, 28.339999999967404, 31.254887617752715, 2025-03-18, 01:00:00, Ok
27.240000000048894, 0.0, 0.0, 27.240000000048894, 30.278474202025016, 2025-03-18, 01:30:00, Ok
26.55999999999767, 0.0, 0.0, 26.55999999999767, 29.73084593481813, 2025-03-18, 02:00:00, Ok
28.29999999998836, 0.0, 0.0, 28.29999999998836, 31.227071588595436, 2025-03-18, 02:30:00, Ok
28.5, 0.0, 0.0, 28.5, 31.25063839347616, 2025-03-18, 03:00:00, Ok
28.260000000009313, 0.0, 0.0, 28.260000000009313, 31.165480904367755, 2025-03-18, 03:30:00, Ok
28.0, 0.0, 0.0, 28.0, 30.972529764294983, 2025-03-18, 04:00:00, Ok
26.919999999983702, 0.0, 0.0, 26.919999999983702, 30.008565443869248, 2025-03-18, 04:30:00, Ok
26.839999999967404, 0.0, 0.0, 26.839999999967404, 29.787782730485013, 2025-03-18, 05:00:00, Ok
27.380000000004657, 0.0, 0.0, 27.380000000004657, 30.456854729275015, 2025-03-18, 05:30:00, Ok
26.960000000020955, 0.0, 0.0, 26.960000000020955, 29.948008281035367, 2025-03-18, 06:00:00, Ok
26.320000000006985, 0.0, 0.0, 26.320000000006985, 28.184194152049173, 2025-03-18, 06:30:00, Ok
4.320000000006985, 0.0, 8.160000000032596, 3.8400000000256114, 9.969232668573, 2025-03-18, 07:00:00, Ok
0.0, 0.0, 69.61999999999534, 69.61999999999534, 70.32036973736362, 2025-03-18, 07:30:00, Ok
0.0, 0.0, 126.29999999998836, 126.29999999998836, 126.82428947168133, 2025-03-18, 08:00:00, Ok
0.0, 0.0, 168.96000000002095, 168.96000000002095, 170.46743384003742, 2025-03-18, 08:30:00, Ok
0.0, 0.0, 220.37999999994645, 220.37999999994645, 221.37070899280312, 2025-03-18, 09:00:00, Ok
0.0, 0.0, 168.40000000002328, 168.40000000002328, 169.64076868491156, 2025-03-18, 09:30:00, Ok
0.0, 0.0, 54.960000000020955, 54.960000000020955, 57.435389787156105, 2025-03-18, 10:00:00, Ok
0.0, 0.0, 48.07999999995809, 48.07999999995809, 51.632148899650545, 2025-03-18, 10:30:00, Ok
0.3200000000069849, 0.0, 34.12000000005355, 33.800000000046566, 37.87038948840119, 2025-03-18, 11:00:00, Ok
0.0, 0.0, 109.55999999999767, 109.55999999999767, 110.94883325208738, 2025-03-18, 11:30:00, Ok
1.2399999999906868, 0.0, 18.5, 17.260000000009313, 23.93332404828839, 2025-03-18, 12:00:00, Ok
0.7199999999720603, 0.0, 22.739999999990687, 22.020000000018626, 28.30209886211231, 2025-03-18, 12:30:00, Ok
0.0, 0.0, 129.29999999998836, 129.29999999998836, 130.95597580865402, 2025-03-18, 13:00:00, Ok
0.0, 0.01999999999998181, 203.96000000002095, 203.96000098060537, 204.7231232665446, 2025-03-18, 13:30:00, Ok
0.0, 0.0, 182.63999999995576, 182.63999999995576, 183.5287748555621, 2025-03-18, 14:00:00, Ok
0.0, 0.0, 56.92000000004191, 56.92000000004191, 59.66821934669313, 2025-03-18, 14:30:00, Ok
0.0, 0.0, 133.38000000000466, 133.38000000000466, 134.69563021865704, 2025-03-18, 15:00:00, Ok
0.0400000000372529, 0.0, 53.87999999994645, 53.839999999909196, 56.594162243029125, 2025-03-18, 15:30:00, Ok
19.57999999995809, 0.0, 0.0, 19.57999999995809, 25.618095167244824, 2025-03-18, 16:00:00, Ok
21.44000000000233, 0.0, 3.120000000053551, 18.319999999948777, 26.36482505154104, 2025-03-18, 16:30:00, Ok
63.05999999999767, 0.0, 0.0, 63.05999999999767, 65.14762620387427, 2025-03-18, 17:00:00, Ok
71.7400000000489, 0.0, 0.0, 71.7400000000489, 73.70371496747514, 2025-03-18, 17:30:00, Ok
79.77999999996973, 0.0, 0.0, 79.77999999996973, 81.50094477977103, 2025-03-18, 18:00:00, Ok
54.0800000000163, 0.0, 0.0, 54.0800000000163, 56.05277870009583, 2025-03-18, 18:30:00, Ok
29.399999999965075, 0.0, 0.0, 29.399999999965075, 32.0895559333245, 2025-03-18, 19:00:00, Ok
30.320000000006985, 0.0, 0.0, 30.320000000006985, 33.03690058102154, 2025-03-18, 19:30:00, Ok
28.79999999998836, 0.0, 0.0, 28.79999999998836, 31.647660261055748, 2025-03-18, 20:00:00, Ok
28.720000000030268, 0.0, 0.0, 28.720000000030268, 31.42699476567838, 2025-03-18, 20:30:00, Ok
29.64000000001397, 0.0, 0.0, 29.64000000001397, 32.40585749522143, 2025-03-18, 21:00:00, Ok
30.039999999979045, 0.0, 0.0, 30.039999999979045, 32.74817857528802, 2025-03-18, 21:30:00, Ok
27.0, 0.0, 0.0, 27.0, 30.11570354482702, 2025-03-18, 22:00:00, Ok
28.20000000001164, 0.0, 0.0, 28.20000000001164, 30.952505552871205, 2025-03-18, 22:30:00, Ok
26.679999999993015, 0.0, 0.0, 26.679999999993015, 29.829146819845892, 2025-03-18, 23:00:00, Ok
29.71999999997206, 0.0, 0.0, 29.71999999997206, 32.54390880023788, 2025-03-18, 23:30:00, Ok
29.42000000004191, 0.0, 0.0, 29.42000000004191, 32.253756370421364, 2025-03-19, 00:00:00, Ok
29.179999999993015, 0.0, 0.0, 29.179999999993015, 31.896187859983165, 2025-03-19, 00:30:00, Ok
29.29999999998836, 0.0, 0.0, 29.29999999998836, 32.26050216595082, 2025-03-19, 01:00:00, Ok
28.179999999993015, 0.0, 0.0, 28.179999999993015, 31.169452994876128, 2025-03-19, 01:30:00, Ok
27.160000000032596, 0.0, 0.0, 27.160000000032596, 30.17159591406718, 2025-03-19, 02:00:00, Ok
26.759999999951106, 0.0, 0.0, 26.759999999951106, 29.707029471107223, 2025-03-19, 02:30:00, Ok
26.12000000005355, 0.0, 0.0, 26.12000000005355, 29.329336849016762, 2025-03-19, 03:00:00, Ok
29.05999999999767, 0.0, 0.0, 29.05999999999767, 31.83525718444669, 2025-03-19, 03:30:00, Ok
30.119999999995343, 0.0, 0.0, 30.119999999995343, 32.83749076893308, 2025-03-19, 04:00:00, Ok
28.639999999955762, 0.0, 0.0, 28.639999999955762, 31.628246868857893, 2025-03-19, 04:30:00, Ok
27.660000000032596, 0.0, 0.0, 27.660000000032596, 30.717506409241924, 2025-03-19, 05:00:00, Ok
27.539999999979045, 0.0, 0.0, 27.539999999979045, 30.38613499605957, 2025-03-19, 05:30:00, Ok
27.080000000016298, 0.0, 0.0, 27.080000000016298, 30.15218068400267, 2025-03-19, 06:00:00, Ok
29.779999999969732, 0.0, 0.0, 29.779999999969732, 31.524022585928417, 2025-03-19, 06:30:00, Ok
16.020000000018626, 0.0, 0.17999999999301508, 15.840000000025611, 18.54279374854503, 2025-03-19, 07:00:00, Ok
0.0, 0.0, 51.699999999953434, 51.699999999953434, 52.45369005127225, 2025-03-19, 07:30:00, Ok
0.0, 0.0, 57.84000000002561, 57.84000000002561, 59.586307151921766, 2025-03-19, 08:00:00, Ok
0.0, 0.0, 154.82000000000698, 154.82000000000698, 156.05573491545383, 2025-03-19, 08:30:00, Ok
0.0, 0.0, 210.70000000001164, 210.70000000001164, 211.50189124451038, 2025-03-19, 09:00:00, Ok
0.0, 0.0, 204.03999999997905, 204.03999999997905, 205.43033174288425, 2025-03-19, 09:30:00, Ok
0.0, 0.0, 249.20000000001164, 249.20000000001164, 250.12918981999186, 2025-03-19, 10:00:00, Ok
0.0, 0.0, 111.21999999997206, 111.21999999997206, 112.67675891679804, 2025-03-19, 10:30:00, Ok
0.0, 0.0, 127.60000000003492, 127.60000000003492, 129.61395603872552, 2025-03-19, 11:00:00, Ok
0.0, 0.0, 235.27999999996973, 235.27999999996973, 236.16966104897045, 2025-03-19, 11:30:00, Ok
0.0, 0.7000000000000455, 223.10000000003492, 223.1010981595913, 223.393114486583, 2025-03-19, 12:00:00, Ok
0.0, 0.0, 194.44000000000233, 194.44000000000233, 195.6828914340778, 2025-03-19, 12:30:00, Ok
0.02000000001862645, 0.0, 65.15999999997439, 65.13999999995576, 68.0827408378537, 2025-03-19, 13:00:00, Ok
20.380000000004657, 0.0, 3.0599999999976717, 17.320000000006985, 24.2129882501145, 2025-03-19, 13:30:00, Ok
0.0, 0.0, 123.40000000002328, 123.40000000002328, 125.26928434379134, 2025-03-19, 14:00:00, Ok
0.0, 0.0, 145.8399999999674, 145.8399999999674, 146.6382760400246, 2025-03-19, 14:30:00, Ok
0.0, 0.01999999999998181, 104.11999999999534, 104.12000192085587, 105.73679964893545, 2025-03-19, 15:00:00, Ok
0.4599999999627471, 0.0, 114.61999999999534, 114.1600000000326, 115.58283609605496, 2025-03-19, 15:30:00, Ok
0.08000000001629815, 0.0, 73.80000000004657, 73.72000000003027, 75.94297860898085, 2025-03-19, 16:00:00, Ok
0.0, 0.0, 61.759999999951106, 61.759999999951106, 64.5405701864661, 2025-03-19, 16:30:00, Ok
29.79999999998836, 0.0, 14.620000000053551, 15.179999999934807, 24.27253592021462, 2025-03-19, 17:00:00, Ok
77.28000000002794, 0.0, 0.0, 77.28000000002794, 79.08925843630135, 2025-03-19, 17:30:00, Ok
85.27999999996973, 0.0, 0.0, 85.27999999996973, 86.91517013729701, 2025-03-19, 18:00:00, Ok
60.72000000003027, 0.0, 0.0, 60.72000000003027, 62.86977334143408, 2025-03-19, 18:30:00, Ok
33.20000000001164, 0.0, 0.0, 33.20000000001164, 35.47520260690238, 2025-03-19, 19:00:00, Ok
29.820000000006985, 0.0, 0.0, 29.820000000006985, 32.482715403742596, 2025-03-19, 19:30:00, Ok
28.739999999990687, 0.0, 0.0, 28.739999999990687, 31.576478587700535, 2025-03-19, 20:00:00, Ok
28.01999999996042, 0.0, 0.0, 28.01999999996042, 30.855255630082482, 2025-03-19, 20:30:00, Ok
28.580000000016298, 0.0, 0.0, 28.580000000016298, 31.381172699583704, 2025-03-19, 21:00:00, Ok
28.55999999999767, 0.0, 0.0, 28.55999999999767, 31.454506831290214, 2025-03-19, 21:30:00, Ok
29.479999999981374, 0.0, 0.0, 29.479999999981374, 32.26770521742721, 2025-03-19, 22:00:00, Ok
26.520000000018626, 0.0, 0.0, 26.520000000018626, 29.70412092624713, 2025-03-19, 22:30:00, Ok
27.160000000032596, 0.0, 0.0, 27.160000000032596, 30.076435959098035, 2025-03-19, 23:00:00, Ok
26.35999999998603, 0.0, 0.0, 26.35999999998603, 29.480325642692392, 2025-03-19, 23:30:00, Ok
27.899999999965075, 0.0, 0.0, 27.899999999965075, 30.882156660411365, 2025-03-20, 00:00:00, Ok
27.300000000046566, 0.0, 0.0, 27.300000000046566, 30.341186529249004, 2025-03-20, 00:30:00, Ok
28.880000000004657, 0.0, 0.0, 28.880000000004657, 31.605695689229485, 2025-03-20, 01:00:00, Ok
27.319999999948777, 0.0, 0.0, 27.319999999948777, 30.44693744857213, 2025-03-20, 01:30:00, Ok
28.760000000009313, 0.0, 0.0, 28.760000000009313, 31.65289876141783, 2025-03-20, 02:00:00, Ok
26.600000000034925, 0.0, 0.0, 26.600000000034925, 29.739704100773235, 2025-03-20, 02:30:00, Ok
28.29999999998836, 0.0, 0.0, 28.29999999998836, 31.027220307326445, 2025-03-20, 03:00:00, Ok
26.29999999998836, 0.0, 0.0, 26.29999999998836, 29.562476215624894, 2025-03-20, 03:30:00, Ok
28.979999999981374, 0.0, 0.0, 28.979999999981374, 31.795075090318093, 2025-03-20, 04:00:00, Ok
27.660000000032596, 0.0, 0.0, 27.660000000032596, 30.588219954775766, 2025-03-20, 04:30:00, Ok
28.85999999998603, 0.0, 0.0, 28.85999999998603, 31.628202604625734, 2025-03-20, 05:00:00, Ok
26.020000000018626, 0.0, 0.0, 26.020000000018626, 29.267736502866143, 2025-03-20, 05:30:00, Ok
27.44000000000233, 0.0, 0.0, 27.44000000000233, 30.355131361929928, 2025-03-20, 06:00:00, Ok
28.459999999962747, 0.0, 0.0, 28.459999999962747, 30.219152866980743, 2025-03-20, 06:30:00, Ok
16.55999999999767, 0.0, 0.0, 16.55999999999767, 19.032025641001464, 2025-03-20, 07:00:00, Ok
0.1600000000325963, 0.0, 18.85999999998603, 18.699999999953434, 20.893836411688223, 2025-03-20, 07:30:00, Ok
0.0, 0.0, 59.61999999999534, 59.61999999999534, 61.37212722400436, 2025-03-20, 08:00:00, Ok
0.0, 0.0, 49.05999999999767, 49.05999999999767, 51.93500938673304, 2025-03-20, 08:30:00, Ok
0.0, 0.0, 159.46000000002095, 159.46000000002095, 160.0440164454966, 2025-03-20, 09:00:00, Ok
14.479999999981374, 0.0, 170.13999999995576, 155.6599999999744, 156.93959220028586, 2025-03-20, 09:30:00, Ok
90.78000000002794, 0.0, 0.0, 90.78000000002794, 92.22117977994665, 2025-03-20, 10:00:00, Ok
88.59999999997672, 0.0, 0.0, 88.59999999997672, 90.07246194035062, 2025-03-20, 10:30:00, Ok
90.47999999998137, 0.0, 0.0, 90.47999999998137, 91.92588318855755, 2025-03-20, 11:00:00, Ok
88.82000000000698, 0.0, 0.0, 88.82000000000698, 90.31412957008034, 2025-03-20, 11:30:00, Ok
91.90000000002328, 0.0, 0.0, 91.90000000002328, 93.23143246783589, 2025-03-20, 12:00:00, Ok
92.52000000001863, 0.0, 0.0, 92.52000000001863, 93.9657746203552, 2025-03-20, 12:30:00, Ok
92.27999999996973, 0.0, 0.0, 92.27999999996973, 93.76826755355137, 2025-03-20, 13:00:00, Ok
92.85999999998603, 0.0, 0.0, 92.85999999998603, 94.35326173480938, 2025-03-20, 13:30:00, Ok
61.05999999999767, 0.0, 69.22000000003027, 8.160000000032596, 16.847943494689712, 2025-03-20, 14:00:00, Ok
70.60000000003492, 0.0, 28.05999999999767, 42.54000000003725, 45.59899121694593, 2025-03-20, 14:30:00, Ok
51.88000000000466, 0.0, 63.71999999997206, 11.839999999967404, 19.188423593390986, 2025-03-20, 15:00:00, Ok
8.279999999969732, 0.0, 51.26000000000931, 42.98000000003958, 47.67903103045801, 2025-03-20, 15:30:00, Ok
0.14000000001396984, 0.0, 8.539999999979045, 8.399999999965075, 19.159551142953568, 2025-03-20, 16:00:00, Ok
20.839999999967404, 0.0, 0.1600000000325963, 20.679999999934807, 27.168489100373975, 2025-03-20, 16:30:00, Ok
23.12000000005355, 0.0, 1.1199999999953434, 22.000000000058208, 28.47606714422875, 2025-03-20, 17:00:00, Ok
58.259999999951106, 0.0, 0.0, 58.259999999951106, 60.45433979454481, 2025-03-20, 17:30:00, Ok
83.61999999999534, 0.0, 0.0, 83.61999999999534, 85.17859355494936, 2025-03-20, 18:00:00, Ok
55.78000000002794, 0.0, 0.0, 55.78000000002794, 57.904231278926154, 2025-03-20, 18:30:00, Ok
30.039999999979045, 0.0, 0.0, 30.039999999979045, 32.645520366486906, 2025-03-20, 19:00:00, Ok
31.240000000048894, 0.0, 0.0, 31.240000000048894, 33.89096044674803, 2025-03-20, 19:30:00, Ok
29.51999999996042, 0.0, 0.0, 29.51999999996042, 32.14387655522732, 2025-03-20, 20:00:00, Ok
28.84000000002561, 0.0, 0.0, 28.84000000002561, 31.54479354824576, 2025-03-20, 20:30:00, Ok
28.01999999996042, 0.0, 0.0, 28.01999999996042, 31.08523765386976, 2025-03-20, 21:00:00, Ok
29.34000000002561, 0.0, 0.0, 29.34000000002561, 32.09915886750942, 2025-03-20, 21:30:00, Ok
28.64000000001397, 0.0, 0.0, 28.64000000001397, 31.40292979963685, 2025-03-20, 22:00:00, Ok
27.679999999993015, 0.0, 0.0, 27.679999999993015, 30.6148460717943, 2025-03-20, 22:30:00, Ok
27.399999999965075, 0.0, 0.0, 27.399999999965075, 30.474835520441992, 2025-03-20, 23:00:00, Ok
29.080000000016298, 0.0, 0.0, 29.080000000016298, 31.82907475879574, 2025-03-20, 23:30:00, Ok
25.98000000003958, 0.0, 0.0, 25.98000000003958, 29.241354277837576, 2025-03-21, 00:00:00, Ok
28.039999999979045, 0.0, 0.0, 28.039999999979045, 30.974621870152294, 2025-03-21, 00:30:00, Ok
27.64000000001397, 0.0, 0.0, 27.64000000001397, 30.673434760399147, 2025-03-21, 01:00:00, Ok
27.979999999981374, 0.0, 0.0, 27.979999999981374, 30.963010189566592, 2025-03-21, 01:30:00, Ok
26.15999999997439, 0.0, 0.0, 26.15999999997439, 29.17656593909939, 2025-03-21, 02:00:00, Ok
28.55999999999767, 0.0, 0.0, 28.55999999999767, 31.43776709627851, 2025-03-21, 02:30:00, Ok
27.800000000046566, 0.0, 0.0, 27.800000000046566, 30.723385230189635, 2025-03-21, 03:00:00, Ok
28.099999999976717, 0.0, 0.0, 28.099999999976717, 31.020470660495725, 2025-03-21, 03:30:00, Ok
27.460000000020955, 0.0, 0.0, 27.460000000020955, 30.467878167031486, 2025-03-21, 04:00:00, Ok
28.139999999955762, 0.0, 0.0, 28.139999999955762, 31.006128426451703, 2025-03-21, 04:30:00, Ok
26.260000000009313, 0.0, 0.0, 26.260000000009313, 29.52689621346086, 2025-03-21, 05:00:00, Ok
28.78000000002794, 0.0, 0.0, 28.78000000002794, 31.588111687806464, 2025-03-21, 05:30:00, Ok
27.739999999990687, 0.0, 0.0, 27.739999999990687, 30.780890175558252, 2025-03-21, 06:00:00, Ok
26.79999999998836, 0.0, 0.0, 26.79999999998836, 28.61189263224588, 2025-03-21, 06:30:00, Ok
4.320000000006985, 0.0, 7.659999999974389, 3.3399999999674037, 10.713916184100766, 2025-03-21, 07:00:00, Ok
0.0, 0.0, 25.70000000001164, 25.70000000001164, 28.423046986566803, 2025-03-21, 07:30:00, Ok
0.0, 0.0, 50.600000000034925, 50.600000000034925, 52.920789865642924, 2025-03-21, 08:00:00, Ok
0.0, 0.0, 119.15999999997439, 119.15999999997439, 120.42080385047285, 2025-03-21, 08:30:00, Ok
0.0, 0.0, 187.35999999998603, 187.35999999998603, 188.32698478973924, 2025-03-21, 09:00:00, Ok
0.0, 0.0, 168.7600000000093, 168.7600000000093, 169.8645731163594, 2025-03-21, 09:30:00, Ok
0.0, 0.0, 225.3400000000256, 225.3400000000256, 226.1718373273112, 2025-03-21, 10:00:00, Ok
0.0, 0.0, 242.51999999996042, 242.51999999996042, 243.90758659783543, 2025-03-21, 10:30:00, Ok
0.0, 0.0, 291.86000000004424, 291.86000000004424, 292.3889806405602, 2025-03-21, 11:00:00, Ok
0.0, 0.0, 288.85999999998603, 288.85999999998603, 289.2744890238194, 2025-03-21, 11:30:00, Ok
0.0, 0.0, 265.4199999999837, 265.4199999999837, 265.96770480641305, 2025-03-21, 12:00:00, Ok
0.0, 0.0, 349.4400000000023, 349.4400000000023, 350.35468257182146, 2025-03-21, 12:30:00, Ok
0.0, 0.01999999999998181, 313.679999999993, 313.68000063758547, 314.35831784763667, 2025-03-21, 13:00:00, Ok
0.0, 0.03999999999996362, 166.10000000003492, 166.10000481641052, 166.85737742159185, 2025-03-21, 13:30:00, Ok
0.0, 0.04000000000007731, 245.77999999996973, 245.78000325491317, 246.44116945020608, 2025-03-21, 14:00:00, Ok
0.0, 0.07999999999992724, 274.4000000000233, 274.4000116618306, 275.1602325918717, 2025-03-21, 14:30:00, Ok
0.0, 0.01999999999998181, 258.9400000000023, 258.940000772382, 259.34454688695735, 2025-03-21, 15:00:00, Ok
0.7999999999883585, 0.0, 52.679999999993015, 51.88000000000466, 54.920440639165534, 2025-03-21, 15:30:00, Ok
0.8200000000069849, 0.0, 51.70000000001164, 50.88000000000466, 53.838038597265765, 2025-03-21, 16:00:00, Ok
0.0, 0.0, 109.77999999996973, 109.77999999996973, 110.98938687997713, 2025-03-21, 16:30:00, Ok
10.559999999997672, 0.0, 2.1000000000349246, 8.459999999962747, 15.661545262188184, 2025-03-21, 17:00:00, Ok
20.05999999999767, 0.0, 0.0, 20.05999999999767, 23.48897613775311, 2025-03-21, 17:30:00, Ok
19.419999999983702, 0.0, 0.0, 19.419999999983702, 21.514739133888423, 2025-03-21, 18:00:00, Ok
27.44000000000233, 0.0, 0.0, 27.44000000000233, 29.949183628274874, 2025-03-21, 18:30:00, Ok
30.100000000034925, 0.0, 0.0, 30.100000000034925, 32.63081365828751, 2025-03-21, 19:00:00, Ok
28.459999999962747, 0.0, 0.0, 28.459999999962747, 31.29683690084328, 2025-03-21, 19:30:00, Ok
28.5, 0.0, 0.0, 28.5, 31.501530121566365, 2025-03-21, 20:00:00, Ok
30.400000000023283, 0.0, 0.0, 30.400000000023283, 33.11033675457976, 2025-03-21, 20:30:00, Ok
31.05999999999767, 0.0, 0.0, 31.05999999999767, 33.725112305222055, 2025-03-21, 21:00:00, Ok
29.5, 0.0, 0.0, 29.5, 32.253551742402465, 2025-03-21, 21:30:00, Ok
28.739999999990687, 0.0, 0.0, 28.739999999990687, 31.76978438705062, 2025-03-21, 22:00:00, Ok
29.220000000030268, 0.0, 0.0, 29.220000000030268, 31.9813758303449, 2025-03-21, 22:30:00, Ok
28.64000000001397, 0.0, 0.0, 28.64000000001397, 31.56069074023351, 2025-03-21, 23:00:00, Ok
29.539999999979045, 0.0, 0.0, 29.539999999979045, 32.40422811916001, 2025-03-21, 23:30:00, Ok
30.5, 0.0, 0.0, 30.5, 33.26572410154866, 2025-03-22, 00:00:00, Ok
28.460000000020955, 0.0, 0.0, 28.460000000020955, 31.45682119987709, 2025-03-22, 00:30:00, Ok
28.01999999996042, 0.0, 0.0, 28.01999999996042, 30.982072235372065, 2025-03-22, 01:00:00, Ok
27.85999999998603, 0.0, 0.0, 27.85999999998603, 30.89772159883698, 2025-03-22, 01:30:00, Ok
27.740000000048894, 0.0, 0.0, 27.740000000048894, 30.703309267940558, 2025-03-22, 02:00:00, Ok
26.179999999993015, 0.0, 0.0, 26.179999999993015, 29.437459129473368, 2025-03-22, 02:30:00, Ok
27.239999999990687, 0.0, 0.0, 27.239999999990687, 30.33105998806173, 2025-03-22, 03:00:00, Ok
29.460000000020955, 0.0, 0.0, 29.460000000020955, 32.184673371053506, 2025-03-22, 03:30:00, Ok
29.01999999996042, 0.0, 0.0, 29.01999999996042, 31.93925484411948, 2025-03-22, 04:00:00, Ok
27.78000000002794, 0.0, 0.0, 27.78000000002794, 30.895287666595088, 2025-03-22, 04:30:00, Ok
28.71999999997206, 0.0, 0.0, 28.71999999997206, 31.599854430016144, 2025-03-22, 05:00:00, Ok
27.85999999998603, 0.0, 0.0, 27.85999999998603, 30.80323359647825, 2025-03-22, 05:30:00, Ok
26.760000000009313, 0.0, 0.0, 26.760000000009313, 29.900722399313256, 2025-03-22, 06:00:00, Ok
26.179999999993015, 0.0, 0.0, 26.179999999993015, 28.162684531120764, 2025-03-22, 06:30:00, Ok
5.9200000000419095, 0.0, 5.9799999999813735, 0.05999999993946403, 8.92020179143732, 2025-03-22, 07:00:00, Ok
0.0, 0.0, 51.64000000001397, 51.64000000001397, 52.84909838399857, 2025-03-22, 07:30:00, Ok
0.0, 0.0, 109.63999999995576, 109.63999999995576, 111.0819301236262, 2025-03-22, 08:00:00, Ok
0.0, 0.0, 162.61999999999534, 162.61999999999534, 163.47115953586004, 2025-03-22, 08:30:00, Ok
0.0, 0.0, 219.44000000000233, 219.44000000000233, 220.52612815718922, 2025-03-22, 09:00:00, Ok
0.0, 0.0, 263.7600000000093, 263.7600000000093, 264.3399092078321, 2025-03-22, 09:30:00, Ok
0.0, 0.0, 304.29999999998836, 304.29999999998836, 304.8545791028783, 2025-03-22, 10:00:00, Ok
0.0, 0.14000000000010004, 308.38000000000466, 308.380031778977, 308.5401562195801, 2025-03-22, 10:30:00, Ok
0.0, 0.2199999999999136, 321.72000000003027, 321.72007522071027, 322.12560283221694, 2025-03-22, 11:00:00, Ok
0.0, 0.0, 362.4799999999814, 362.4799999999814, 363.10410187711517, 2025-03-22, 11:30:00, Ok
0.0, 0.0, 240.20000000001164, 240.20000000001164, 240.83664588265134, 2025-03-22, 12:00:00, Ok
0.0, 0.0, 311.46000000002095, 311.46000000002095, 312.40028809207763, 2025-03-22, 12:30:00, Ok
0.0, 0.06000000000005912, 340.38000000000466, 340.3800052882119, 340.8889097638752, 2025-03-22, 13:00:00, Ok
0.0, 0.01999999999998181, 247.0799999999581, 247.0800008094125, 247.98100895024052, 2025-03-22, 13:30:00, Ok
0.0, 0.01999999999998181, 302.20000000001164, 302.200000661825, 302.64035157263305, 2025-03-22, 14:00:00, Ok
0.0, 0.0, 198.02000000001863, 198.02000000001863, 198.52705810545723, 2025-03-22, 14:30:00, Ok
0.41999999998370185, 0.0, 43.179999999993015, 42.76000000000931, 46.240432523933954, 2025-03-22, 15:00:00, Ok
0.14000000001396984, 0.0, 30.279999999969732, 30.139999999955762, 34.08615554733736, 2025-03-22, 15:30:00, Ok
2.8800000000046566, 0.0, 38.460000000020955, 35.5800000000163, 40.1948553922147, 2025-03-22, 16:00:00, Ok
29.959999999962747, 0.0, 3.419999999983702, 26.539999999979045, 31.282666126775265, 2025-03-22, 16:30:00, Ok
25.14000000001397, 0.0, 6.900000000023283, 18.239999999990687, 24.838623150240835, 2025-03-22, 17:00:00, Ok
44.34000000002561, 0.0, 0.0, 44.34000000002561, 46.263112735766, 2025-03-22, 17:30:00, Ok
52.259999999951106, 0.0, 0.0, 52.259999999951106, 53.62899588836934, 2025-03-22, 18:00:00, Ok
54.36000000004424, 0.0, 0.0, 54.36000000004424, 55.756341343429504, 2025-03-22, 18:30:00, Ok
42.4199999999837, 0.0, 0.0, 42.4199999999837, 44.37902657786052, 2025-03-22, 19:00:00, Ok
39.73999999999069, 0.0, 0.0, 39.73999999999069, 42.02868068354593, 2025-03-22, 19:30:00, Ok
40.85999999998603, 0.0, 0.0, 40.85999999998603, 42.994929933639774, 2025-03-22, 20:00:00, Ok
40.34000000002561, 0.0, 0.0, 40.34000000002561, 42.5453405204633, 2025-03-22, 20:30:00, Ok
41.5, 0.0, 0.0, 41.5, 43.67784793233148, 2025-03-22, 21:00:00, Ok
40.40000000002328, 0.0, 0.0, 40.40000000002328, 42.60858598923581, 2025-03-22, 21:30:00, Ok
41.37999999994645, 0.0, 0.0, 41.37999999994645, 43.434368879903055, 2025-03-22, 22:00:00, Ok
39.14000000001397, 0.0, 0.0, 39.14000000001397, 41.422375595818146, 2025-03-22, 22:30:00, Ok
39.320000000006985, 0.0, 0.0, 39.320000000006985, 41.605557321116464, 2025-03-22, 23:00:00, Ok
39.55999999999767, 0.0, 0.0, 39.55999999999767, 41.780703680042144, 2025-03-22, 23:30:00, Ok
41.90000000002328, 0.0, 0.0, 41.90000000002328, 44.027268822879094, 2025-03-23, 00:00:00, Ok
38.35999999998603, 0.0, 0.0, 38.35999999998603, 40.89003790654916, 2025-03-23, 00:30:00, Ok
41.5, 0.0, 0.0, 41.5, 43.628220224989384, 2025-03-23, 01:00:00, Ok
38.55999999999767, 0.0, 0.0, 38.55999999999767, 41.03651057289887, 2025-03-23, 01:30:00, Ok
39.97999999998137, 0.0, 0.0, 39.97999999998137, 42.23629718616896, 2025-03-23, 02:00:00, Ok
37.320000000006985, 0.0, 0.0, 37.320000000006985, 39.78279527635645, 2025-03-23, 02:30:00, Ok
39.64000000001397, 0.0, 0.0, 39.64000000001397, 41.86288571039125, 2025-03-23, 03:00:00, Ok
37.460000000020955, 0.0, 0.0, 37.460000000020955, 39.969678507609174, 2025-03-23, 03:30:00, Ok
39.47999999998137, 0.0, 0.0, 39.47999999998137, 41.80260757414869, 2025-03-23, 04:00:00, Ok
40.679999999993015, 0.0, 0.0, 40.679999999993015, 42.87416471489156, 2025-03-23, 04:30:00, Ok
39.79999999998836, 0.0, 0.0, 39.79999999998836, 42.09192321573099, 2025-03-23, 05:00:00, Ok
37.88000000000466, 0.0, 0.0, 37.88000000000466, 40.37740457236249, 2025-03-23, 05:30:00, Ok
38.960000000020955, 0.0, 0.0, 38.960000000020955, 41.285314580389574, 2025-03-23, 06:00:00, Ok
39.44000000000233, 0.0, 0.0, 39.44000000000233, 40.81891718309379, 2025-03-23, 06:30:00, Ok
14.5, 0.0, 1.3599999999860302, 13.14000000001397, 16.832409215571396, 2025-03-23, 07:00:00, Ok
0.0, 0.0, 43.9199999999837, 43.9199999999837, 45.59905700777638, 2025-03-23, 07:30:00, Ok
0.0, 0.0, 95.28000000002794, 95.28000000002794, 96.20378578832229, 2025-03-23, 08:00:00, Ok
0.0, 0.0, 147.79999999998836, 147.79999999998836, 148.4428509561718, 2025-03-23, 08:30:00, Ok
0.0, 0.0, 209.14000000001397, 209.14000000001397, 209.99947618983776, 2025-03-23, 09:00:00, Ok
0.0, 0.01999999999998181, 243.2600000000093, 243.26000082217487, 243.41695750297356, 2025-03-23, 09:30:00, Ok
0.0, 0.08000000000004093, 280.820000000007, 280.8200113952065, 281.15593538106947, 2025-03-23, 10:00:00, Ok
0.0, 0.5, 293.9199999999837, 293.92042528546807, 294.1608002436597, 2025-03-23, 10:30:00, Ok
0.29999999998835847, 1.1200000000000045, 280.2600000000093, 279.9622403111029, 279.9734080229973, 2025-03-23, 11:00:00, Ok
0.2600000000093132, 0.05999999999994543, 247.53999999997905, 247.28000727916728, 247.94446555627115, 2025-03-23, 11:30:00, Ok
0.0, 0.06000000000005912, 343.29999999998836, 343.3000052432158, 343.99909360344515, 2025-03-23, 12:00:00, Ok
0.0, 0.22000000000002728, 355.9400000000023, 355.9400679889827, 356.50707370261523, 2025-03-23, 12:30:00, Ok
0.0, 0.2599999999999909, 343.96000000002095, 343.9600982672473, 344.65394412368795, 2025-03-23, 13:00:00, Ok
0.0, 0.39999999999997726, 322.0, 322.00024844710913, 322.63423314955344, 2025-03-23, 13:30:00, Ok
0.0, 0.7200000000000273, 254.14000000001397, 254.1410199082531, 254.36263326205582, 2025-03-23, 14:00:00, Ok
0.0, 0.09999999999990905, 212.29999999998836, 212.30002355156503, 213.04323129354452, 2025-03-23, 14:30:00, Ok
0.0, 0.20000000000004547, 256.679999999993, 256.6800779180114, 257.1028782413695, 2025-03-23, 15:00:00, Ok
0.0, 0.0, 182.4199999999837, 182.4199999999837, 182.80903369361704, 2025-03-23, 15:30:00, Ok
2.2000000000116415, 0.0, 116.5, 114.29999999998836, 115.35155655645741, 2025-03-23, 16:00:00, Ok
0.059999999997671694, 0.0, 74.48000000003958, 74.42000000004191, 76.43618253161469, 2025-03-23, 16:30:00, Ok
5.940000000002328, 0.0, 20.599999999976717, 14.659999999974389, 21.56821735793224, 2025-03-23, 17:00:00, Ok
13.779999999969732, 0.0, 0.08000000001629815, 13.699999999953434, 18.858727422572553, 2025-03-23, 17:30:00, Ok
22.679999999993015, 0.0, 0.0, 22.679999999993015, 24.550812613833653, 2025-03-23, 18:00:00, Ok
39.11999999999534, 0.0, 0.0, 39.11999999999534, 40.91325946437827, 2025-03-23, 18:30:00, Ok
34.92000000004191, 0.0, 0.0, 34.92000000004191, 37.36704965612089, 2025-03-23, 19:00:00, Ok
23.959999999962747, 0.0, 0.0, 23.959999999962747, 27.48187038755527, 2025-03-23, 19:30:00, Ok
22.64000000001397, 0.0, 0.0, 22.64000000001397, 26.400492419662932, 2025-03-23, 20:00:00, Ok
24.29999999998836, 0.0, 0.0, 24.29999999998836, 27.8469028798392, 2025-03-23, 20:30:00, Ok
22.380000000004657, 0.0, 0.0, 22.380000000004657, 26.240320120000987, 2025-03-23, 21:00:00, Ok
23.539999999979045, 0.0, 0.0, 23.539999999979045, 27.10655271330303, 2025-03-23, 21:30:00, Ok
23.06000000005588, 0.0, 0.0, 23.06000000005588, 26.95635732072781, 2025-03-23, 22:00:00, Ok
25.259999999951106, 0.0, 0.0, 25.259999999951106, 28.641187126191713, 2025-03-23, 22:30:00, Ok
21.92000000004191, 0.0, 0.0, 21.92000000004191, 25.92357999971726, 2025-03-23, 23:00:00, Ok
22.979999999981374, 0.0, 0.0, 22.979999999981374, 26.58138446355192, 2025-03-23, 23:30:00, Ok
21.460000000020955, 0.0, 0.0, 21.460000000020955, 25.601039041427047, 2025-03-24, 00:00:00, Ok
